INSERT INTO publisher (name, nip, regon) VALUES ('Publisher 1', '1234567890', '123456789'), ('Publisher 2', '0987654321', '987654321'), ('Publisher 3', '1111111111', '222222222'), ('Publisher 4', '3333333333', '444444444'), ('Publisher 5', '5555555555', '666666666'), ('Publisher 6', '7777777777', '888888888'), ('Publisher 7', '9999999999', '000000000'), ('Publisher 8', '4444444444', '555555555'), ('Publisher 9', '2222222222', '333333333'), ('Publisher 10', '8888888888', '999999999');
INSERT INTO person_details (id, firstName, lastName, streetNumber, street, city) VALUES (1, 'John', 'Doe', 123, 'Main Street', 'New York'), (2, 'Jane', 'Smith', 456, 'First Avenue', 'Los Angeles'), (3, 'Michael', 'Johnson', 789, 'Broadway', 'Chicago'), (4, 'Emily', 'Williams', 321, 'Oak Street', 'San Francisco'), (5, 'David', 'Brown', 654, 'Elm Avenue', 'Houston'), (6, 'Olivia', 'Jones', 987, 'Cedar Road', 'Miami'), (7, 'William', 'Davis', 654, 'Pine Street', 'Seattle'), (8, 'Sophia', 'Miller', 321, 'Maple Avenue', 'Boston'), (9, 'James', 'Wilson', 159, 'Spruce Lane', 'Denver'), (10, 'Emma', 'Taylor', 753, 'Cherry Street', 'Philadelphia');
INSERT INTO person (id, login, password, email, person_Details_id) VALUES (1, 'john123', 'password123', 'john@example.com', 1), (2, 'jane456', 'password456', 'jane@example.com', 2), (3, 'michael789', 'password789', 'michael@example.com', 3), (4, 'emily321', 'password321', 'emily@example.com', 4), (5, 'david654', 'password654', 'david@example.com', 5), (6, 'olivia987', 'password987', 'olivia@example.com', 6), (7, 'william654', 'password654', 'william@example.com', 7), (8, 'sophia321', 'password321', 'sophia@example.com', 8), (9, 'james159', 'password159', 'james@example.com', 9), (10, 'emma753', 'password753', 'emma@example.com', 10);
INSERT INTO authors (firstName, lastName, pesel, email) VALUES ('John', 'Doe', '12345678901', 'johndoe@example.com'), ('Jane', 'Smith', '98765432109', 'janesmith@example.com'), ('Michael', 'Johnson', '45678901234', 'michaeljohnson@example.com'), ('Emily', 'Brown', '87654321098', 'emilybrown@example.com'), ('David', 'Miller', '23456789012', 'davidmiller@example.com'), ('Emma', 'Wilson', '76543210987', 'emmawilson@example.com'), ('Daniel', 'Taylor', '34567890123', 'danieltaylor@example.com'), ('Olivia', 'Anderson', '65432109876', 'oliviaanderson@example.com'), ('Matthew', 'Thomas', '43210987654', 'matthewthomas@example.com'), ('Sophia', 'Martinez', '54321098765', 'sophiamartinez@example.com');
INSERT INTO category (name) VALUES ('Fantasy'), ('Romance'), ('Thriller'), ('Science Fiction'), ('Mystery'), ('Biography'), ('History'), ('Horror'), ('Self-Help'), ('Adventure');
INSERT INTO books (title, rating, description, publisher_id, category_id, pages) VALUES ('Sample Title 1', 5, 'Sample description 1', 1, 3, 200), ('Sample Title 2', 8, 'Sample description 2', 2, 1, 300), ('Sample Title 3', 7, 'Sample description 3', 1, 2, 150), ('Sample Title 4', 6, 'Sample description 4', 3, 2, 250), ('Sample Title 5', 9, 'Sample description 5', 2, 1, 350), ('Sample Title 6', 4, 'Sample description 6', 1, 2, 180), ('Sample Title 7', 8, 'Sample description 7', 3, 1, 280), ('Sample Title 8', 5, 'Sample description 8', 2, 2, 220), ('Sample Title 9', 6, 'Sample description 9', 1, 1, 190), ('Sample Title 10', 7, 'Sample description 10', 3, 2, 270);

